<?xml version="1.0" encoding="UTF-8"?>
<jcr:root xmlns:cq="http://www.day.com/jcr/cq/1.0" xmlns:jcr="http://www.jcp.org/jcr/1.0"
    jcr:primaryType="cq:Dialog"
    title="userdatadialog"
    xtype="dialog">
    <items
        jcr:primaryType="cq:Widget"
        xtype="tabpanel">
        <items jcr:primaryType="cq:WidgetCollection">
            <tab1
                jcr:primaryType="cq:Panel"
                title="Tab 1">
                <items jcr:primaryType="cq:WidgetCollection">
                    <gender
                        jcr:primaryType="cq:Widget"
                        fieldLable="enter gnder"
                        name="./gender"
                        type="radio"
                        xtype="selection">
                        <options jcr:primaryType="cq:WidgetCollection">
                            <v1
                                jcr:primaryType="cq:Widget"
                                text="Male"
                                value="male"/>
                            <v2
                                jcr:primaryType="cq:Widget"
                                text="Female"
                                value="female"/>
                        </options>
                    </gender>
                </items>
            </tab1>
        </items>
    </items>
</jcr:root>
